abandon;abbandono
ability;capacità
able;capace
abortion;aborto
about;di
above;sopra
abroad;all'estero
absence;assenza
absolute;assoluto
absolutely;assolutamente
absorb;assorbire
abuse;abuso
academic;accademico
accept;accettare
access;accesso
accident;incidente
accompany;accompagnare
accomplish;realizzare
according;secondo
account;account
accurate;preciso
accuse;accusare
achieve;raggiungere
achievement;realizzazione
acid;acido
acknowledge;riconoscere
acquire;acquisire
across;attraverso
act;atto
action;azione
active;attivo
activist;attivista
activity;attività
actor;attore
actress;attrice
actual;effettivo
actually;in realtà
ad;anno Domini
adapt;adattare
add;Inserisci
addition;aggiunta
additional;addizionale
address;indirizzo
adequate;adeguato
adjust;regolare
adjustment;registrazione
administration;amministrazione
administrator;amministratore
admire;ammirare
admission;ammissione
admit;ammettere
adolescent;adolescente
adopt;adottare
adult;adulto
advance;avanzare
advanced;Avanzate
advantage;vantaggio
adventure;avventura
advertising;pubblicità
advice;consigli
advise;consigliare
adviser;consigliere
advocate;avvocato
affair;affare
affect;influenzare
afford;permettersi
afraid;impaurito
African;africano
African-American;Afroamericano
after;dopo
afternoon;pomeriggio
again;ancora
against;contro
age;età
agency;agenzia
agenda;ordine del giorno
agent;agente
aggressive;aggressivo
ago;fa
agree;essere d'accordo
agreement;accordo
agricultural;agricolo
ah;ah
ahead;avanti
aid;aiuto
aide;aiutante di campo
AIDS;AIDS
aim;scopo
air;aria
aircraft;aereo
airline;linea aerea
airport;aeroporto
album;album
alcohol;alcool
alive;vivo
all;tutti
alliance;alleanza
allow;permettere
ally;alleato
almost;quasi
alone;solo
along;lungo
already;già
also;anche
alter;alter
alternative;alternativa
although;sebbene
always;sempre
AM;AM
amazing;sorprendente
American;americano
among;tra
amount;quantità
analysis;analisi
analyst;analista
analyze;analizzare
ancient;antico
and;e
anger;rabbia
angle;angolo
angry;arrabbiato
animal;animale
anniversary;anniversario
announce;annunciare
annual;annuale
another;un altro
answer;risposta
anticipate;anticipare
anxiety;ansia
any;qualunque
anybody;nessuno
anymore;più
anyone;chiunque
anything;nulla
anyway;Comunque
anywhere;dovunque
apart;a parte
apartment;appartamento
apparent;apparente
apparently;apparentemente
appeal;appello
appear;apparire
appearance;aspetto
apple;Mela
application;applicazione
apply;applicare
appoint;nominare
appointment;appuntamento
appreciate;apprezzare
approach;approccio
appropriate;adeguata
approval;approvazione
approve;approvare
approximately;circa
Arab;arabo
architect;architetto
area;la zona
argue;discutere
argument;discussione
arise;sorgere
arm;braccio
armed;armato
army;esercito
around;in giro
arrange;organizzare
arrangement;preparativi
arrest;arresto
arrival;arrivo
arrive;arrivo
art;arte
article;articolo
artist;artista
artistic;artistico
as;come
Asian;asiatico
aside;a parte
ask;Chiedi
asleep;addormentato
aspect;aspetto
assault;assalto
assert;asserire
assess;valutare
assessment;valutazione
asset;risorsa
assign;assegnare
assignment;Incarico
assist;assistere
assistance;assistenza
assistant;assistente
associate;socio
association;associazione
assume;assumere
assumption;assunzione
assure;assicurare
at;a
athlete;atleta
athletic;atletico
atmosphere;atmosfera
attach;allegare
attack;attacco
attempt;tentativo
attend;assistere
attention;Attenzione
attitude;atteggiamento
attorney;procuratore
attract;attirare
attractive;attraente
attribute;attributo
audience;pubblico
author;autore
authority;autorità
auto;auto
available;a disposizione
average;media
avoid;evitare
award;premio
aware;consapevole
awareness;consapevolezza
away;lontano
awful;terribile
baby;bambino
back;indietro
background;sfondo
bad;male
badly;male
bag;Borsa
bake;infornare
balance;equilibrio
ball;palla
ban;bandire
band;gruppo musicale
bank;banca
bar;bar
barely;appena
barrel;barile
barrier;barriera
base;base
baseball;baseball
basic;di base
basically;fondamentalmente
basis;base
basket;cestino
basketball;pallacanestro
bathroom;bagno
battery;batteria
battle;battaglia
be;essere
beach;spiaggia
bean;fagiolo
bear;orso
beat;battere
beautiful;bellissimo
beauty;bellezza
because;perché
become;diventare
bed;letto
bedroom;Camera da letto
beer;birra
before;prima
begin;inizio
beginning;inizio
behavior;comportamento
behind;dietro a
being;essere
belief;credenza
believe;credere
bell;campana
belong;appartenere
below;sotto
belt;cintura
bench;panchina
bend;piegare
beneath;sotto
benefit;beneficiare
beside;accanto
besides;Oltretutto
best;migliore
bet;scommessa
better;meglio
between;fra
beyond;al di là
Bible;Bibbia
big;grande
bike;bicicletta
bill;conto
billion;miliardo
bind;legare
biological;biologico
bird;uccello
birth;nascita
birthday;compleanno
bit;po
bite;mordere
black;nero
blade;lama
blame;colpa
blanket;coperta
blind;cieco
block;bloccare
blood;sangue
blow;soffio
blue;blu
board;tavola
boat;barca
body;corpo
bomb;bomba
bombing;bombardamento
bond;legame
bone;osso
book;libro
boom;boom
boot;stivale
border;confine
born;Nato
borrow;prestito
boss;capo
both;tutti e due
bother;preoccuparsi
bottle;bottiglia
bottom;parte inferiore
boundary;confine
bowl;ciotola
box;scatola
boy;ragazzo
boyfriend;fidanzato
brain;cervello
branch;ramo
brand;marca
bread;pane
break;rompere
breakfast;prima colazione
breast;Seno
breath;respiro
breathe;respirare
brick;mattone
bridge;ponte
brief;breve
briefly;brevemente
bright;luminosa
brilliant;brillante
bring;portare
British;Britannico
broad;ampio
broken;rotto
brother;fratello
brown;Marrone
brush;spazzola
buck;secchio
budget;bilancio
build;costruire
building;edificio
bullet;proiettile
bunch;mazzo
burden;fardello
burn;bruciare
bury;seppellire
bus;autobus
business;attività commerciale
busy;occupato
but;ma
butter;burro
button;pulsante
buy;acquistare
buyer;acquirente
by;di
cabin;​cabina
cabinet;Consiglio dei ministri
cable;cavo
cake;torta
calculate;calcolare
call;chiamata
camera;telecamera
camp;campo
campaign;campagna
campus;città universitaria
can;può
Canadian;canadese
cancer;cancro
candidate;candidato
cap;berretto
capability;capacità
capable;capace
capacity;capacità
capital;capitale
captain;Capitano
capture;catturare
car;macchina
carbon;carbonio
card;carta
care;cura
career;carriera
careful;attento
carefully;accuratamente
carrier;vettore
carry;trasportare
case;Astuccio
cash;Contanti
cast;getto
cat;gatto
catch;catturare
category;categoria
Catholic;cattolico
cause;causa
ceiling;soffitto
celebrate;celebrare
celebration;celebrazione
celebrity;celebrità
cell;cellula
center;centro
central;centrale
century;secolo
CEO;Amministratore delegato
ceremony;cerimonia
certain;certo
certainly;certamente
chain;catena
chair;sedia
chairman;presidente
challenge;sfida
chamber;Camera
champion;campione
championship;campionato
chance;opportunità
change;modificare
changing;mutevole
channel;canale
chapter;capitolo
character;personaggio
characteristic;caratteristica
characterize;caratterizzare
charge;caricare
charity;beneficenza
chart;grafico
chase;inseguire
cheap;a buon mercato
check;dai un'occhiata
cheek;guancia
cheese;formaggio
chef;capocuoco
chemical;chimico
chest;il petto
chicken;pollo
chief;capo
child;bambino
childhood;infanzia
Chinese;Cinese
chip;patata fritta
chocolate;cioccolato
choice;scelta
cholesterol;colesterolo
choose;scegliere
Christian;cristiano
Christmas;Natale
church;Chiesa
cigarette;sigaretta
circle;cerchio
circumstance;circostanza
cite;citare
citizen;cittadino
city;città
civil;civile
civilian;civile
claim;Richiesta
class;classe
classic;classico
classroom;aula
clean;pulito
clear;chiaro
clearly;chiaramente
client;cliente
climate;clima
climb;scalata
clinic;clinica
clinical;clinico
clock;orologio
close;vicino
closely;strettamente
closer;più vicino
clothes;Abiti
clothing;capi di abbigliamento
cloud;nube
club;club
clue;traccia
cluster;grappolo
coach;allenatore
coal;carbone
coalition;coalizione
coast;costa
coat;cappotto
code;codice
coffee;caffè
cognitive;conoscitivo
cold;freddo
collapse;crollo
colleague;collega
collect;raccogliere
collection;collezione
collective;collettivo
college;Università
colonial;coloniale
color;colore
column;colonna
combination;combinazione
combine;combinare
come;venire
comedy;commedia
comfort;comfort
comfortable;confortevole
command;comando
commander;comandante
comment;commento
commercial;commerciale
commission;commissione
commit;commettere
commitment;impegno
committee;Comitato
common;Comune
communicate;comunicare
communication;comunicazione
community;Comunità
company;azienda
compare;confrontare
comparison;confronto
compete;competere
competition;concorrenza
competitive;competitivo
competitor;concorrente
complain;lamentarsi
complaint;denuncia
complete;completare
completely;completamente
complex;complesso
complicated;complicato
component;componente
compose;comporre
composition;composizione
comprehensive;globale
computer;computer
concentrate;concentrato
concentration;concentrazione
concept;concetto
concern;preoccupazione
concerned;ha riguardato
concert;concerto
conclude;concludere
conclusion;conclusione
concrete;calcestruzzo
condition;condizione
conduct;condotta
conference;conferenza
confidence;fiducia
confident;fiducioso
confirm;Confermare
conflict;conflitto
confront;confront
confusion;confusione
Congress;Congresso
congressional;Congresso
connect;Collegare
connection;connessione
consciousness;coscienza
consensus;consenso
consequence;conseguenza
conservative;prudente
consider;ritenere
considerable;considerevole
consideration;considerazione
consist;consistere
consistent;coerente
constant;costante
constantly;costantemente
constitute;costituire
constitutional;costituzionale
construct;costruire
construction;costruzione
consultant;consulente
consume;consumare
consumer;consumatore
consumption;consumo
contact;contatto
contain;contenere
container;contenitore
contemporary;contemporaneo
content;soddisfare
contest;concorso
context;contesto
continue;Continua
continued;continua
contract;contrarre
contrast;contrasto
contribute;contribuire
contribution;contributo
control;controllo
controversial;controverso
controversy;controversia
convention;convenzione
conventional;convenzionale
conversation;conversazione
convert;convertire
conviction;convinzione
convince;convincere
cook;cucinare
cookie;biscotto
cooking;cucinando
cool;freddo
cooperation;cooperazione
cop;poliziotto
cope;far fronte
copy;copia
core;nucleo
corn;Mais
corner;angolo
corporate;aziendale
corporation;società
correct;corretta
correspondent;corrispondente
cost;costo
cotton;cotone
couch;divano
could;poteva
council;consiglio
counselor;consulente
count;contare
counter;contatore
country;nazione
county;contea
couple;coppia
courage;coraggio
course;corso
court;Tribunale
cousin;cugino
cover;copertina
coverage;copertura
cow;mucca
crack;crepa
craft;mestiere
crash;schianto
crazy;pazzo
cream;crema
create;creare
creation;creazione
creative;creativo
creature;creatura
credit;credito
crew;equipaggio
crime;crimine
criminal;penale
crisis;crisi
criteria;criteri
critic;critico
critical;critico
criticism;critica
criticize;criticare
crop;Ritaglia
cross;attraversare
crowd;folla
crucial;cruciale
cry;piangere
cultural;culturale
culture;cultura
cup;tazza
curious;curioso
current;attuale
currently;attualmente
curriculum;programma scolastico
custom;costume
customer;cliente
cut;tagliare
cycle;ciclo
dad;papà
daily;quotidiano
damage;danno
dance;danza
danger;Pericolo
dangerous;pericoloso
dare;osare
dark;buio
darkness;buio
data;dati
date;Data
daughter;figlia
day;giorno
dead;morto
deal;affare
dealer;commerciante
dear;caro
death;Morte
debate;discussione
debt;debito
decade;decennio
decide;decidere
decision;decisione
deck;ponte
declare;dichiarare
decline;declino
decrease;diminuire
deep;in profondità
deeply;profondamente
deer;cervo
defeat;la sconfitta
defend;difendere
defendant;imputato
defense;difesa
defensive;difensiva
deficit;disavanzo
define;definire
definitely;decisamente
definition;definizione
degree;grado
delay;ritardo
deliver;consegnare
delivery;consegna
demand;richiesta
democracy;democrazia
Democrat;Democratico
democratic;democratico
demonstrate;dimostrare
demonstration;dimostrazione
deny;negare
department;Dipartimento
depend;dipendere
dependent;dipendente
depending;dipendente
depict;depict
depression;depressione
depth;profondità
deputy;vice
derive;derivare
describe;descrivere
description;descrizione
desert;deserto
deserve;meritare
design;design
designer;progettista
desire;desiderio
desk;scrivania
desperate;disperato
despite;nonostante
destroy;distruggere
destruction;distruzione
detail;dettaglio
detailed;dettagliato
detect;individuare
determine;determinare
develop;sviluppare
developing;sviluppando
development;sviluppo
device;dispositivo
devote;dedicare
dialogue;dialogo
die;morire
diet;dieta
differ;differire
difference;differenza
different;diverso
differently;diversamente
difficult;difficile
difficulty;difficoltà
dig;scavare
digital;digitale
dimension;dimensione
dining;cenare
dinner;cena
direct;diretto
direction;direzione
directly;direttamente
director;la direttrice
dirt;sporco
dirty;sporco
disability;invalidità
disagree;disaccordo
disappear;scomparire
disaster;disastro
discipline;disciplina
discourse;discorso
discover;scoprire
discovery;scoperta
discrimination;discriminazione
discuss;discutere
discussion;discussione
disease;malattia
dish;piatto
dismiss;respingere
disorder;disturbo
display;Schermo
dispute;controversia
distance;distanza
distant;lontano
distinct;distinto
distinction;distinzione
distinguish;distinguere
distribute;distribuire
distribution;distribuzione
district;quartiere
diverse;diverso
diversity;diversità
divide;dividere
division;divisione
divorce;divorzio
DNA;DNA
do;fare
doctor;medico
document;documento
dog;cane
domestic;domestico
dominant;dominante
dominate;dominare
door;porta
double;Doppio
doubt;dubbio
down;giù
downtown;centro
dozen;dozzina
draft;bozza
drag;trascinare
drama;Dramma
dramatic;drammatico
dramatically;drammaticamente
draw;disegnare
drawing;disegno
dream;sognare
dress;vestito
drink;bevanda
drive;guidare
driver;autista
drop;far cadere
drug;droga
dry;asciutto
due;dovuto
during;durante
dust;polvere
duty;dovere
each;​ogni
eager;desideroso
ear;orecchio
early;presto
earn;guadagnare
earnings;guadagni
earth;terra
ease;alleviare
easily;facilmente
east;est
eastern;orientale
easy;facile
eat;mangiare
economic;economico
economics;economia
economist;economista
economy;economia
edge;bordo
edition;edizione
editor;editore
educate;educare
education;formazione scolastica
educational;educativo
educator;educatore
effect;effetto
effective;efficace
effectively;effettivamente
efficiency;efficienza
efficient;efficiente
effort;sforzo
egg;uovo
eight;otto
either;o
elderly;anziano
elect;eleggere
election;elezione
electric;elettrico
electricity;elettricità
electronic;elettronico
element;elemento
elementary;elementare
eliminate;eliminare
elite;elite
else;altro
elsewhere;altrove
e-mail;e-mail
embrace;abbraccio
emerge;emergere
emergency;emergenza
emission;emissione
emotion;emozione
emotional;emotivo
emphasis;enfasi
emphasize;enfatizzare
employ;impiego
employee;dipendente
employer;datore di lavoro
employment;occupazione
empty;vuoto
enable;abilitare
encounter;incontrare
encourage;incoraggiare
end;fine
enemy;nemico
energy;energia
enforcement;rinforzo
engage;impegnare
engine;motore
engineer;ingegnere
engineering;ingegneria
English;inglese
enhance;accrescere
enjoy;godere
enormous;enorme
enough;abbastanza
ensure;garantire
enter;accedere
enterprise;impresa
entertainment;divertimento
entire;intero
entirely;interamente
entrance;Entrata
entry;iscrizione
environment;ambiente
environmental;ambientale
episode;episodio
equal;pari
equally;ugualmente
equipment;attrezzatura
era;era
error;errore
escape;fuga
especially;particolarmente
essay;saggio
essential;essenziale
essentially;essenzialmente
establish;stabilire
establishment;istituzione
estate;tenuta
estimate;stima
etc;eccetera
ethics;etica
ethnic;etnico
European;europeo
evaluate;valutare
evaluation;valutazione
even;anche
evening;sera
event;evento
eventually;infine
ever;mai
every;ogni
everybody;tutti
everyday;ogni giorno
everyone;tutti
everything;qualunque cosa
everywhere;ovunque
evidence;prova
evolution;Evoluzione
evolve;Evolve
exact;esatto
exactly;Esattamente
examination;visita medica
examine;esaminare
example;esempio
exceed;superare
excellent;eccellente
except;tranne
exception;eccezione
exchange;scambio
exciting;eccitante
executive;esecutivo
exercise;esercizio
exhibit;mostra
exhibition;mostra
exist;esistere
existence;esistenza
existing;esistente
expand;espandere
expansion;espansione
expect;aspettarsi
expectation;aspettativa
expense;spese
expensive;costoso
experience;Esperienza
experiment;sperimentare
expert;esperto
explain;spiegare
explanation;spiegazione
explode;esplodere
explore;Esplorare
explosion;esplosione
expose;esporre
exposure;esposizione
express;esprimere
expression;espressione
extend;estendere
extension;estensione
extensive;esteso
extent;estensione
external;esterno
extra;extra
extraordinary;straordinario
extreme;estremo
extremely;estremamente
eye;occhio
fabric;tessuto
face;viso
facility;servizio, struttura
fact;fatto
factor;fattore
factory;fabbrica
faculty;facoltà
fade;dissolvenza
fail;fallire
failure;fallimento
fair;giusto
fairly;abbastanza
faith;fede
fall;autunno
false;falso
familiar;familiare
family;famiglia
famous;famoso
fan;fan
fantasy;fantasia
far;lontano
farm;azienda agricola
farmer;contadino
fashion;moda
fast;veloce
fat;Grasso
fate;destino
father;padre
fault;colpa
favor;favore
favorite;preferito
fear;paura
feature;caratteristica
federal;federale
fee;tassa
feed;alimentazione
feel;sentire
feeling;sensazione
fellow;compagno
female;femmina
fence;recinto
few;pochi
fewer;meno
fiber;fibra
fiction;finzione
field;campo
fifteen;quindici
fifth;quinto
fifty;cinquanta
fight;combattimento
fighter;combattente
fighting;combattente
figure;figura
file;file
fill;riempire
film;film
final;finale
finally;finalmente
finance;finanza
financial;finanziario
find;trova
finding;scoperta
fine;bene
finger;dito
finish;finire
fire;fuoco
firm;azienda
first;primo
fish;pesce
fishing;pesca
fit;in forma
fitness;fitness
five;cinque
fix;fix
flag;bandiera
flame;fiamma
flat;piatto
flavor;gusto
flee;fuggire
flesh;carne
flight;volo
float;galleggiante
floor;pavimento
flow;flusso
flower;fiore
fly;volare
focus;messa a fuoco
folk;popolare
follow;Seguire
following;a seguire
food;cibo
foot;piede
football;calcio
for;per
force;vigore
foreign;straniero
forest;foresta
forever;per sempre
forget;dimenticare
form;modulo
formal;formale
formation;formazione
former;ex
formula;formula
forth;via
fortune;fortuna
forward;inoltrare
found;trovato
foundation;fondazione
founder;fondatore
four;quattro
fourth;il quarto
frame;telaio
framework;struttura
free;gratuito
freedom;la libertà
freeze;congelare
French;francese
frequency;frequenza
frequent;frequente
frequently;frequentemente
fresh;fresco
friend;amico
friendly;amichevole
friendship;amicizia
from;a partire dal
front;davanti
fruit;frutta
frustration;frustrazione
fuel;carburante
full;pieno
fully;completamente
fun;divertimento
function;funzione
fund;fondo
fundamental;fondamentale
funding;finanziamento
funeral;funerale
funny;divertente
furniture;mobilia
furthermore;inoltre
future;futuro
gain;​guadagno
galaxy;galassia
gallery;galleria
game;gioco
gang;banda
gap;divario
garage;box auto
garden;giardino
garlic;aglio
gas;gas
gate;cancello
gather;raccogliere
gay;gay
gaze;sguardo
gear;Ingranaggio
gender;Genere
gene;gene
general;generale
generally;in genere
generate;creare
generation;generazione
genetic;genetico
gentleman;signore
gently;delicatamente
German;Tedesco
gesture;gesto
get;ottenere
ghost;fantasma
giant;gigante
gift;regalo
gifted;dotato
girl;ragazza
girlfriend;fidanzata
give;dare
given;dato
glad;lieto
glance;occhiata
glass;bicchiere
global;globale
glove;guanto
go;partire
goal;obbiettivo
God;Dio
gold;oro
golden;d'oro
golf;golf
good;bene
government;governo
governor;governatore
grab;afferrare
grade;grado
gradually;gradualmente
graduate;diplomato
grain;grano
grand;mille dollari
grandfather;nonno
grandmother;nonna
grant;concedere
grass;erba
grave;tomba
gray;grigio
great;grande
greatest;più grande
green;verde
grocery;drogheria
ground;terra
group;gruppo
grow;crescere
growing;in crescita
growth;crescita
guarantee;garanzia
guard;guardia
guess;indovina
guest;ospite
guide;guida
guideline;orientamento
guilty;colpevole
gun;pistola
guy;tipo
habit;abitudine
habitat;habitat
hair;capelli
half;metà
hall;sala
hand;mano
handful;manciata
handle;maniglia
hang;appendere
happen;accadere
happy;contento
hard;difficile
hardly;quasi
hat;cappello
hate;odiare
have;avere
he;lui
head;capo
headline;titolo
headquarters;Sede centrale
health;Salute
healthy;salutare
hear;sentire
hearing;udito
heart;cuore
heat;calore
heaven;Paradiso
heavily;pesantemente
heavy;pesante
heel;tacco
height;altezza
helicopter;elicottero
hell;inferno
hello;Ciao
help;Aiuto
helpful;utile
her;sua
here;Qui
heritage;eredità
hero;eroe
herself;se stessa
hey;Hey
hi;Ciao
hide;nascondere
high;alto
highlight;evidenziare
highly;altamente
highway;autostrada
hill;collina
him;lui
himself;lui stesso
hip;anca
hire;assumere
his;il suo
historian;storico
historic;storico
historical;storico
history;storia
hit;colpire
hold;hold
hole;buco
holiday;vacanza
holy;santo
home;casa
homeless;senza casa
honest;onesto
honey;miele
honor;onore
hope;speranza
horizon;orizzonte
horror;orrore
horse;cavallo
hospital;ospedale
host;ospite
hot;caldo
hotel;Hotel
hour;ora
house;Casa
household;domestico
housing;alloggiamento
how;Come
however;tuttavia
huge;enorme
human;umano
humor;umorismo
hundred;centinaio
hungry;Affamato
hunter;cacciatore
hunting;a caccia
hurt;male
husband;marito
hypothesis;ipotesi
I;​io
ice;ghiaccio
idea;idea
ideal;ideale
identification;identificazione
identify;identificare
identity;identità
ie;vale a dire
if;Se
ignore;ignorare
ill;malato
illegal;illegale
illness;malattia
illustrate;illustrare
image;Immagine
imagination;immaginazione
imagine;immaginare
immediate;immediato
immediately;subito
immigrant;immigrante
immigration;immigrazione
impact;urto
implement;strumento
implication;coinvolgimento
imply;implicare
importance;importanza
important;importante
impose;imporre
impossible;impossibile
impress;impressionare
impression;impressione
impressive;degno di nota
improve;Ottimizzare
improvement;miglioramento
in;nel
incentive;incentivo
incident;incidente
include;includere
including;Compreso
income;reddito
incorporate;incorporare
increase;aumentare
increased;è aumentato
increasing;crescente
increasingly;sempre più
incredible;incredibile
indeed;infatti
independence;indipendenza
independent;indipendente
index;indice
Indian;indiano
indicate;indicare
indication;indicazione
individual;individuale
industrial;industriale
industry;industria
infant;infantile
infection;infezione
inflation;inflazione
influence;influenza
inform;far sapere
information;informazione
ingredient;ingrediente
initial;iniziale
initially;inizialmente
initiative;iniziativa
injury;infortunio
inner;interno
innocent;innocente
inquiry;inchiesta
inside;dentro
insight;intuizione
insist;insistere
inspire;ispirare
install;installare
instance;esempio
instead;anziché
institution;istituzione
institutional;istituzionale
instruction;istruzione
instructor;istruttore
instrument;strumento
insurance;assicurazione
intellectual;intellettuale
intelligence;intelligenza
intend;avere intenzione
intense;intenso
intensity;intensità
intention;Intenzione
interaction;interazione
interest;interesse
interested;interessato
interesting;interessante
internal;interno
international;internazionale
Internet;Internet
interpret;interpretare
interpretation;interpretazione
intervention;intervento
interview;colloquio
into;in
introduce;introdurre
introduction;introduzione
invasion;invasione
invest;investire
investigate;indagare
investigation;indagine
investigator;investigatore
investment;investimento
investor;investitore
invite;invitare
involve;coinvolgere
involved;coinvolti
involvement;coinvolgimento
Iraqi;iracheno
Irish;irlandesi
iron;ferro
Islamic;islamico
island;isola
Israeli;israeliano
issue;problema
it;esso
Italian;italiano
item;articolo
its;suo
itself;si
jacket;giacca
jail;prigione
Japanese;giapponese
jet;Jet
Jew;ebreo
Jewish;ebraico
job;lavoro
join;aderire
joint;comune
joke;scherzo
journal;rivista
journalist;giornalista
journey;viaggio
joy;gioia
judge;giudice
judgment;giudizio
juice;succo
jump;saltare
junior;junior
jury;giuria
just;appena
justice;giustizia
justify;giustificare
keep;mantenere
key;chiave
kick;calcio
kid;ragazzo
kill;uccidere
killer;uccisore
killing;uccisione
kind;genere
king;re
kiss;bacio
kitchen;cucina
knee;ginocchio
knife;coltello
knock;bussare
know;conoscere
knowledge;conoscenza
lab;​laboratorio
label;etichetta
labor;lavoro duro e faticoso
laboratory;laboratorio
lack;mancanza
lady;signora
lake;lago
land;terra
landscape;paesaggio
language;linguaggio
lap;giro
large;grande
largely;in gran parte
last;ultimo
late;in ritardo
later;dopo
Latin;latino
latter;quest'ultimo
laugh;ridere
launch;lanciare
law;legge
lawn;prato
lawsuit;causa
lawyer;avvocato
lay;posare
layer;strato
lead;piombo
leader;capo
leadership;comando
leading;principale
leaf;foglia
league;lega
lean;magro
learn;imparare
learning;apprendimento
least;meno
leather;pelle
leave;partire
left;sinistra
leg;gamba
legacy;eredità
legal;legale
legend;leggenda
legislation;legislazione
legitimate;legittimo
lemon;Limone
length;lunghezza
less;Di meno
lesson;lezione
let;permettere
letter;lettera
level;livello
liberal;liberale
library;biblioteca
license;licenza
lie;menzogna
life;vita
lifestyle;stile di vita
lifetime;tutta la vita
lift;sollevamento
light;luce
like;piace
likely;probabile
limit;limite
limitation;limitazione
limited;limitato
line;linea
link;collegamento
lip;labbro
list;elenco
listen;ascolta
literally;letteralmente
literary;letterario
literature;letteratura
little;poco
live;vivere
living;vivente
load;caricare
loan;prestito
local;Locale
locate;individuare
location;Posizione
lock;serratura
long;lungo
long-term;lungo termine
look;Guarda
loose;perdere
lose;perdere
loss;perdita
lost;perduto
lot;lotto
lots;molte
loud;forte
love;amore
lovely;bello
lover;amante
low;Basso
lower;inferiore
luck;fortuna
lucky;fortunato
lunch;pranzo
lung;polmone
machine;macchina
mad;pazzo
magazine;rivista
mail;posta
main;principale
mainly;principalmente
maintain;mantenere
maintenance;Manutenzione
major;maggiore
majority;maggioranza
make;rendere
maker;creatore
makeup;trucco
male;maschio
mall;centro commerciale
man;uomo
manage;gestire
management;gestione
manager;manager
manner;maniera
manufacturer;fabbricante
manufacturing;produzione
many;molti
map;carta geografica
margin;margine
mark;marchio
market;mercato
marketing;marketing
marriage;matrimonio
married;sposato
marry;sposare
mask;maschera
mass;massa
massive;massiccio
master;maestro
match;incontro
material;Materiale
math;matematica
matter;importa
may;Maggio
maybe;può essere
mayor;Sindaco
me;me
meal;pasto
mean;significare
meaning;significato
meanwhile;nel frattempo
measure;misurare
measurement;misurazione
meat;carne
mechanism;meccanismo
media;media
medical;medico
medication;medicazione
medicine;medicinale
medium;medio
meet;incontrare
meeting;incontro
member;membro
membership;membri
memory;memoria
mental;mentale
mention;citare
menu;menù
mere;semplice
merely;semplicemente
mess;pasticcio
message;Messaggio
metal;metallo
meter;metro
method;metodo
Mexican;messicano
middle;mezzo
might;potrebbe
military;militare
milk;latte
million;milione
mind;mente
mine;il mio
minister;ministro
minor;minore
minority;minoranza
minute;minuto
miracle;miracolo
mirror;specchio
miss;Perdere
missile;missile
mission;missione
mistake;sbaglio
mix;mescolare
mixture;miscela
mm-hmm;mm-hmm
mode;modalità
model;modello
moderate;moderare
modern;moderno
modest;modesto
mom;mamma
moment;momento
money;i soldi
monitor;tenere sotto controllo
month;mese
mood;umore
moon;Luna
moral;morale
more;Di Più
moreover;inoltre
morning;mattina
mortgage;mutuo
most;maggior parte
mostly;soprattutto
mother;madre
motion;movimento
motivation;motivazione
motor;il motore
mount;montare
mountain;montagna
mouse;topo
mouth;bocca
move;mossa
movement;movimento
movie;film
Mr;Sig
Mrs;Sig.ra
Ms;Signorina
much;tanto
multiple;multiplo
murder;omicidio
muscle;muscolo
museum;Museo
music;musica
musical;musicale
musician;musicista
Muslim;musulmano
must;dovere
mutual;reciproco
my;mio
myself;me stessa
mystery;mistero
myth;mito
naked;​nudo
name;nome
narrative;narrazione
narrow;stretto
nation;nazione
national;nazionale
native;nativo
natural;naturale
naturally;naturalmente
nature;natura
near;vicino
nearby;nelle vicinanze
nearly;quasi
necessarily;necessariamente
necessary;necessario
neck;collo
need;bisogno
negative;negativo
negotiate;negoziare
negotiation;trattativa
neighbor;vicino
neighborhood;Quartiere
neither;nessuno dei due
nerve;nervo
nervous;nervoso
net;netto
network;Rete
never;mai
nevertheless;tuttavia
new;nuovo
newly;recentemente
news;notizia
newspaper;giornale
next;Il prossimo
nice;simpatico
night;notte
nine;nove
no;no
nobody;nessuno
nod;cenno
noise;rumore
nomination;nomina
none;nessuna
nonetheless;ciò nonostante
nor;né
normal;normale
normally;normalmente
north;nord
northern;settentrionale
nose;naso
not;non
note;Nota
nothing;Niente
notice;Avviso
notion;nozione
novel;romanzo
now;adesso
nowhere;Da nessuna parte
n't;non
nuclear;nucleare
number;numero
numerous;numerose
nurse;infermiera
nut;Noce
object;oggetto
objective;obbiettivo
obligation;obbligo
observation;osservazione
observe;osservare
observer;osservatore
obtain;ottenere
obvious;evidente
obviously;ovviamente
occasion;occasione
occasionally;di tanto in tanto
occupation;occupazione
occupy;occupare
occur;si verificano
ocean;oceano
odd;dispari
odds;probabilità
of;di
off;via
offense;offesa
offensive;offensivo
offer;offrire
office;ufficio
officer;ufficiale
official;ufficiale
often;spesso
oh;Oh
oil;olio
ok;ok
okay;va bene
old;vecchio
Olympic;olimpico
on;sopra
once;una volta
one;uno
ongoing;in corso
onion;cipolla
online;in linea
only;solo
onto;su
open;Aperto
opening;apertura
operate;operare
operating;operativo
operation;operazione
operator;operatore
opinion;opinione
opponent;avversario
opportunity;opportunità
oppose;opporsi
opposite;di fronte
opposition;opposizione
option;opzione
or;o
orange;arancia
order;ordine
ordinary;ordinario
organic;biologico
organization;organizzazione
organize;organizzare
orientation;orientamento
origin;origine
original;originale
originally;originariamente
other;altro
others;altri
otherwise;altrimenti
ought;dovrebbe
our;nostro
ourselves;noi stessi
out;su
outcome;risultato
outside;al di fuori
oven;forno
over;al di sopra di
overall;complessivamente
overcome;superare
overlook;Overlook
owe;dovere
own;proprio
owner;proprietario
pace;​ritmo
pack;imballare
package;pacchetto
page;pagina
pain;dolore
painful;doloroso
paint;dipingere
painter;pittore
painting;la pittura
pair;paio
pale;pallido
Palestinian;palestinese
palm;palma
pan;padella
panel;pannello
pant;ansimare
paper;carta
parent;genitore
park;parco
parking;parcheggio
part;parte
participant;partecipante
participate;partecipare
participation;partecipazione
particular;particolare
particularly;in particolar modo
partly;in parte
partner;compagno
partnership;collaborazione
party;festa
pass;passaggio
passage;passaggio
passenger;passeggeri
passion;passione
past;passato
patch;toppa
path;sentiero
patient;paziente
pattern;modello
pause;pausa
pay;pagare
payment;pagamento
PC;PC
peace;pace
peak;picco
peer;pari
penalty;pena
people;persone
pepper;Pepe
per;per
perceive;percepire
percentage;percentuale
perception;percezione
perfect;Perfetto
perfectly;perfettamente
perform;eseguire
performance;prestazione
perhaps;Forse
period;periodo
permanent;permanente
permission;autorizzazione
permit;permesso
person;persona
personal;personale
personality;personalità
personally;personalmente
personnel;personale
perspective;prospettiva
persuade;persuadere
pet;animale domestico
phase;fase
phenomenon;fenomeno
philosophy;filosofia
phone;Telefono
photo;foto
photograph;fotografia
photographer;fotografo
phrase;frase
physical;fisico
physically;fisicamente
physician;medico
piano;pianoforte
pick;raccogliere
picture;immagine
pie;torta
piece;pezzo
pile;mucchio
pilot;pilota
pine;pino
pink;rosa
pipe;tubo
pitch;intonazione
place;posto
plan;Piano
plane;aereo
planet;pianeta
planning;pianificazione
plant;pianta
plastic;plastica
plate;piatto
platform;piattaforma
play;giocare
player;giocatore
please;per favore
pleasure;piacere
plenty;abbondanza
plot;tracciare
plus;più
PM;PM
pocket;tasca
poem;poesia
poet;poeta
poetry;poesia
point;punto
pole;polo
police;polizia
policy;politica
political;politico
politically;politicamente
politician;politico
politics;politica
poll;sondaggio
pollution;inquinamento
pool;piscina
poor;povero
pop;pop
popular;popolare
population;popolazione
porch;veranda
port;porta
portion;porzione
portrait;ritratto
portray;ritrarre
pose;posa
position;posizione
positive;positivo
possess;possedere
possibility;possibilità
possible;possibile
possibly;possibilmente
post;inviare
pot;pentola
potato;Patata
potential;potenziale
potentially;potenzialmente
pound;libbra
pour;versare
poverty;povertà
powder;polvere
power;energia
powerful;potente
practical;pratico
practice;pratica
pray;pregare
prayer;preghiera
precisely;precisamente
predict;predire
prefer;preferire
preference;preferenza
pregnancy;gravidanza
pregnant;incinta
preparation;preparazione
prepare;preparare
prescription;prescrizione
presence;presenza
present;presente
presentation;presentazione
preserve;conserva
president;Presidente
presidential;presidenziale
press;stampa
pressure;pressione
pretend;fare finta
pretty;bella
prevent;impedire
previous;precedente
previously;in precedenza
price;prezzo
pride;orgoglio
priest;sacerdote
primarily;in primis
primary;primario
prime;primo
principal;principale
principle;principio
print;Stampa
prior;precedente
priority;priorità
prison;prigione
prisoner;prigioniero
privacy;vita privata
private;privato
probably;probabilmente
problem;problema
procedure;procedura
proceed;procedere
process;processi
produce;produrre
producer;produttore
product;Prodotto
production;produzione
profession;professione
professional;professionale
professor;professoressa
profile;profilo
profit;profitto
program;programma
progress;progresso
project;progetto
prominent;prominente
promise;promettere
promote;promuovere
prompt;richiesta
proof;prova
proper;corretto
properly;propriamente
property;proprietà
proportion;proporzione
proposal;proposta
propose;proporre
proposed;proposto
prosecutor;accusatore
prospect;prospettiva
protect;proteggere
protection;protezione
protein;proteina
protest;protesta
proud;orgoglioso
prove;dimostrare
provide;fornire
provider;fornitore
province;Provincia
provision;fornitura
psychological;psicologico
psychologist;psicologo
psychology;psicologia
public;pubblico
publication;pubblicazione
publicly;pubblicamente
publish;pubblicare
publisher;editore
pull;Tirare
punishment;punizione
purchase;Acquista
pure;puro
purpose;scopo
pursue;perseguire
push;spingere
put;mettere
qualify;qualificarsi
quality;qualità
quarter;trimestre
quarterback;terzino
question;domanda
quick;Presto
quickly;velocemente
quiet;silenzioso
quietly;tranquillamente
quit;smettere
quite;abbastanza
quote;citazione
race;gara
racial;razziale
radical;radicale
radio;Radio
rail;rotaia
rain;pioggia
raise;aumentare
range;gamma
rank;rango
rapid;rapido
rapidly;rapidamente
rare;raro
rarely;raramente
rate;Vota
rather;piuttosto
rating;valutazione
ratio;rapporto
raw;crudo
reach;raggiungere
react;reagire
reaction;reazione
read;leggere
reader;lettore
reading;lettura
ready;pronto
real;reale
reality;la realtà
realize;rendersi conto
really;veramente
reason;Motivo
reasonable;ragionevole
recall;richiamare
receive;ricevere
recent;recente
recently;recentemente
recipe;ricetta
recognition;riconoscimento
recognize;riconoscere
recommend;raccomandare
recommendation;raccomandazione
record;disco
recording;registrazione
recover;recuperare
recovery;recupero
recruit;recluta
red;rosso
reduce;ridurre
reduction;riduzione
refer;fare riferimento
reference;riferimento
reflect;riflettere
reflection;riflessione
reform;riforma
refugee;profugo
refuse;rifiuto
regard;considerare
regarding;per quanto riguarda
regardless;indipendentemente
regime;regime
region;regione
regional;regionale
register;Registrati
regular;regolare
regularly;regolarmente
regulate;regolare
regulation;regolamento
reinforce;rafforzare
reject;rifiutare
relate;riferirsi
relation;relazione
relationship;relazione
relative;parente
relatively;relativamente
relax;rilassare
release;pubblicazione
relevant;pertinente
relief;sollievo
religion;religione
religious;religioso
rely;fare affidamento
remain;rimanere
remaining;residuo
remarkable;notevole
remember;ricorda
remind;ricordare
remote;a distanza
remove;rimuovere
repeat;ripetere
repeatedly;ripetutamente
replace;sostituire
reply;rispondere
report;rapporto
reporter;reporter
represent;rappresentare
representation;rappresentazione
representative;rappresentante
Republican;Repubblicano
reputation;reputazione
request;richiesta
require;richiedere
requirement;Requisiti
research;ricerca
researcher;ricercatore
resemble;somigliare
reservation;prenotazione
resident;residente
resist;resistere
resistance;resistenza
resolution;risoluzione
resolve;risolvere
resort;ricorrere
resource;risorsa
respect;rispetto
respond;rispondere
respondent;convenuto
response;risposta
responsibility;responsabilità
responsible;responsabile
rest;riposo
restaurant;ristorante
restore;ristabilire
restriction;restrizione
result;risultato
retain;conservare
retire;andare in pensione
retirement;la pensione
return;ritorno
reveal;svelare
revenue;reddito
review;revisione
revolution;rivoluzione
rhythm;ritmo
rice;riso
rich;ricco
rid;liberarsi
ride;cavalcata
rifle;fucile
right;destra
ring;squillare
rise;salire
risk;rischio
river;fiume
road;strada
rock;roccia
role;ruolo
roll;rotolo
romantic;romantico
roof;tetto
room;camera
root;radice
rope;corda
rose;rosa
rough;ruvido
roughly;approssimativamente
round;il giro
route;itinerario
routine;routine
row;riga
rub;strofinare
rule;regola
run;correre
running;in esecuzione
rural;rurale
rush;corsa
Russian;russo
sacred;​sacro
sad;triste
safe;sicuro
safety;sicurezza
sake;interesse
salad;insalata
salary;stipendio
sale;vendita
sales;i saldi
salt;sale
same;stesso
sample;campione
sanction;sanzione
sand;sabbia
satellite;satellitare
satisfaction;soddisfazione
satisfy;soddisfare
sauce;salsa
save;Salva
saving;Salvataggio
say;dire
scale;scala
scandal;scandalo
scared;impaurito
scenario;scenario
scene;scena
schedule;programma
scheme;schema
scholar;studioso
scholarship;Borsa di studio
school;scuola
science;scienza
scientific;scientifico
scientist;scienziato
scope;scopo
score;Punto
scream;urlare
screen;schermo
script;copione
sea;mare
search;ricerca
season;stagione
seat;posto a sedere
second;secondo
secret;segreto
secretary;segretario
section;sezione
sector;settore
secure;sicuro
security;sicurezza
see;vedere
seed;seme
seek;cercare
seem;sembrare
segment;segmento
seize;sequestrare
select;Selezionare
selection;selezione
self;se stesso
sell;vendere
Senate;Senato
senator;senatore
send;Spedire
senior;anziano
sense;senso
sensitive;sensibile
sentence;frase
separate;separato
sequence;sequenza
series;serie
serious;grave
seriously;sul serio
serve;servire
service;servizio
session;sessione
set;impostato
setting;ambientazione
settle;Risolvere
settlement;insediamento
seven;Sette
several;parecchi
severe;grave
sex;sesso
sexual;sessuale
shade;ombra
shadow;ombra
shake;shake
shall;deve
shape;forma
share;Condividere
sharp;acuto
she;lei
sheet;foglio
shelf;mensola
shell;conchiglia
shelter;riparo
shift;cambio
shine;brillare
ship;nave
shirt;camicia
shit;merda
shock;shock
shoe;scarpa
shoot;sparare
shooting;tiro
shop;negozio
shopping;shopping
shore;riva
short;corto
shortly;in breve
shot;tiro
should;dovrebbero
shoulder;spalla
shout;grido
show;mostrare
shower;doccia
shrug;alzata di spalle
shut;chiuso
sick;malato
side;lato
sigh;sospiro
sight;vista
sign;cartello
signal;segnale
significance;significato
significant;significativo
significantly;in modo significativo
silence;silenzio
silent;silenzioso
silver;argento
similar;simile
similarly;allo stesso modo
simple;semplice
simply;semplicemente
sin;peccato
since;da
sing;cantare
singer;cantante
single;singolo
sink;Lavello
sir;signore
sister;sorella
sit;sedersi
site;posto
situation;situazione
six;sei
size;taglia
ski;sciare
skill;abilità
skin;pelle
sky;cielo
slave;schiavo
sleep;dormire
slice;fetta
slide;diapositiva
slight;leggero
slightly;leggermente
slip;scivolare
slow;lento
slowly;lentamente
small;piccolo
smart;inteligente
smell;odore
smile;Sorridi
smoke;Fumo
smooth;liscio
snap;schiocco
snow;neve
so;così
so-called;cosiddetto
soccer;calcio
social;sociale
society;società
soft;morbido
software;Software
soil;suolo
solar;solare
soldier;soldato
solid;solido
solution;soluzione
solve;risolvere
some;alcuni
somebody;qualcuno
somehow;in qualche modo
someone;qualcuno
something;qualcosa
sometimes;a volte
somewhat;piuttosto
somewhere;da qualche parte
son;figlio
song;canzone
soon;presto
sophisticated;sofisticato
sorry;scusate
sort;ordinare
soul;anima
sound;suono
soup;la minestra
source;fonte
south;Sud
southern;meridionale
Soviet;sovietico
space;spazio
Spanish;spagnolo
speak;parlare
speaker;altoparlante
special;speciale
specialist;specialista
species;specie
specific;specifico
specifically;specificamente
speech;discorso
speed;velocità
spend;trascorrere
spending;la spesa
spin;rotazione
spirit;spirito
spiritual;spirituale
split;Diviso
spokesman;portavoce
sport;sport
spot;individuare
spread;diffusione
spring;primavera
square;piazza
squeeze;spremere
stability;stabilità
stable;stabile
staff;personale
stage;palcoscenico
stair;scala
stake;puntata
stand;In piedi
standard;standard
standing;in piedi
star;stella
stare;sguardo fisso
start;inizio
state;stato
statement;dichiarazione
station;stazione
statistics;statistica
status;stato
stay;restare
steady;costante
steal;rubare
steel;acciaio
step;passo
stick;bastone
still;ancora
stir;agitare
stock;azione
stomach;stomaco
stone;pietra
stop;fermare
storage;Conservazione
store;memorizzare
storm;tempesta
story;storia
straight;dritto
strange;strano
stranger;sconosciuto
strategic;strategico
strategy;strategia
stream;ruscello
street;strada
strength;forza
strengthen;rafforzare
stress;fatica
stretch;allungare
strike;sciopero
string;corda
strip;striscia
stroke;ictus
strong;forte
strongly;fortemente
structure;struttura
struggle;lotta
student;alunno
studio;studio
study;studia
stuff;cose
stupid;stupido
style;stile
subject;soggetto
submit;Invia
subsequent;successivo
substance;sostanza
substantial;sostanziale
succeed;avere successo
success;successo
successful;riuscito
successfully;con successo
such;come
sudden;improvviso
suddenly;ad un tratto
sue;citare in giudizio
suffer;soffrire
sufficient;sufficiente
sugar;zucchero
suggest;suggerire
suggestion;suggerimento
suicide;suicidio
suit;completo da uomo
summer;estate
summit;vertice
sun;sole
super;super
supply;fornitura
support;supporto
supporter;sostenitore
suppose;supporre
supposed;ipotetico
Supreme;Supremo
sure;sicuro
surely;certamente
surface;superficie
surgery;chirurgia
surprise;sorpresa
surprised;sorpreso
surprising;sorprendente
surprisingly;sorprendentemente
surround;circondare
survey;sondaggio
survival;sopravvivenza
survive;sopravvivere
survivor;sopravvissuto
suspect;sospettare
sustain;sostenere
swear;giurare
sweep;spazzare
sweet;dolce
swim;nuotare
swing;swing
switch;interruttore
symbol;simbolo
symptom;sintomo
system;sistema
table;tavolo
tablespoon;cucchiaio
tactic;tattica
tail;coda
take;prendere
tale;racconto
talent;talento
talk;parlare
tall;alto
tank;carro armato
tap;rubinetto
tape;nastro
target;bersaglio
task;compito
taste;gusto
tax;imposta
taxpayer;contribuente
tea;tè
teach;insegnare
teacher;insegnante
teaching;insegnamento
team;squadra
tear;lacrima
teaspoon;cucchiaino
technical;tecnico
technique;tecnica
technology;tecnologia
teen;adolescente
teenager;adolescente
telephone;telefono
telescope;telescopio
television;televisione
tell;raccontare
temperature;temperatura
temporary;temporaneo
ten;dieci
tend;tendere
tendency;tendenza
tennis;tennis
tension;tensione
tent;tenda
term;termine
terms;condizioni
terrible;terribile
territory;territorio
terror;terrore
terrorism;terrorismo
terrorist;terrorista
test;test
testify;testimoniare
testimony;testimonianza
testing;analisi
text;testo
than;di
thank;grazie
thanks;Grazie
that;quella
the;il
theater;Teatro
their;loro
them;loro
theme;tema
themselves;loro stessi
then;poi
theory;teoria
therapy;terapia
there;Là
therefore;perciò
these;queste
they;essi
thick;di spessore
thin;magro
thing;cosa
think;pensare
thinking;pensiero
third;terzo
thirty;trenta
this;Questo
those;quelli
though;anche se
thought;pensato
thousand;mille
threat;minaccia
threaten;minacciare
three;tre
throat;gola
through;attraverso
throughout;per tutto
throw;gettare
thus;così
ticket;biglietto
tie;cravatta
tight;stretto
time;tempo
tiny;minuscolo
tip;mancia
tire;pneumatico
tired;stanco
tissue;fazzoletto di carta
title;titolo
to;per
tobacco;tabacco
today;oggi
toe;dito del piede
together;insieme
tomato;pomodoro
tomorrow;Domani
tone;tono
tongue;lingua
tonight;stasera
too;pure
tool;attrezzo
tooth;dente
top;superiore
topic;argomento
toss;scossa
total;totale
totally;totalmente
touch;toccare
tough;difficile
tour;giro
tourist;turista
tournament;torneo
toward;verso
towards;in direzione
tower;Torre
town;cittadina
toy;giocattolo
trace;tracciare
track;traccia
trade;commercio
tradition;tradizione
traditional;tradizionale
traffic;traffico
tragedy;tragedia
trail;pista
train;treno
training;formazione
transfer;trasferimento
transform;trasformare
transformation;trasformazione
transition;transizione
translate;tradurre
transportation;mezzi di trasporto
travel;viaggio
treat;trattare
treatment;trattamento
treaty;trattato
tree;albero
tremendous;enorme
trend;tendenza
trial;prova
tribe;tribù
trick;trucco
trip;viaggio
troop;truppe
trouble;guaio
truck;camion
true;VERO
truly;veramente
trust;fiducia
truth;verità
try;provare
tube;tubo
tunnel;tunnel
turn;girare
TV;tv
twelve;dodici
twenty;venti
twice;due volte
twin;gemello
two;Due
type;genere
typical;tipico
typically;tipicamente
ugly;brutto
ultimate;finale
ultimately;in definitiva
unable;incapace
uncle;zio
under;sotto
undergo;subire
understand;capire
understanding;comprensione
unfortunately;purtroppo
uniform;uniforme
union;unione
unique;unico
unit;unità
United;Unito
universal;universale
universe;universo
university;Università
unknown;sconosciuto
unless;salvo che
unlike;a differenza di
unlikely;improbabile
until;fino a
unusual;insolito
up;su
upon;su
upper;superiore
urban;urbano
urge;stimolo
us;noi
use;uso
used;Usato
useful;utile
user;utente
usual;solito
usually;generalmente
utility;utilità
vacation;vacanza
valley;valle
valuable;prezioso
value;valore
variable;variabile
variation;variazione
variety;varietà
various;vario
vary;variare
vast;vasto
vegetable;verdura
vehicle;veicolo
venture;avventurarsi
version;versione
versus;contro
very;molto
vessel;nave
veteran;veterano
via;attraverso
victim;vittima
victory;vittoria
video;video
view;Visualizza
viewer;spettatore
village;villaggio
violate;violare
violation;violazione
violence;violenza
violent;violento
virtually;potenzialmente
virtue;virtù
virus;virus
visible;visibile
vision;visione
visit;visitare
visitor;visitatore
visual;visivo
vital;vitale
voice;voce
volume;volume
volunteer;volontario
vote;votazione
voter;elettore
vs;vs
vulnerable;vulnerabile
wage;salario
wait;aspettare
wake;scia
walk;camminare
wall;parete
wander;vagare
want;volere
war;guerra
warm;caldo
warn;avvisare
warning;avvertimento
wash;lavaggio
waste;rifiuto
watch;orologio
water;acqua
wave;onda
way;modo
we;noi
weak;debole
wealth;ricchezza
wealthy;ricco
weapon;arma
wear;indossare
weather;tempo metereologico
wedding;nozze
week;settimana
weekend;fine settimana
weekly;settimanalmente
weigh;pesare
weight;peso
welcome;benvenuto
welfare;benessere
well;bene
west;ovest
western;occidentale
wet;bagnato
what;che cosa
whatever;qualunque cosa
wheel;ruota
when;quando
whenever;ogni volta
where;dove
whereas;mentre
whether;se
which;quale
while;mentre
whisper;sussurro
white;bianca
who;Oms
whole;totale
whom;chi
whose;di chi
why;perché
wide;largo
widely;ampiamente
widespread;molto diffuso
wife;moglie
wild;selvaggio
will;volontà
willing;disposto
win;vincere
wind;vento
window;finestra
wine;vino
wing;ala
winner;vincitore
winter;inverno
wipe;pulire
wire;filo
wisdom;saggezza
wise;saggio
wish;desiderio
with;con
withdraw;ritirarsi
within;entro
without;senza
witness;testimone
woman;donna
wonder;Meraviglia
wonderful;meraviglioso
wood;legna
wooden;di legno
word;parola
work;lavoro
worker;lavoratore
working;Lavorando
works;lavori
workshop;laboratorio
world;mondo
worried;preoccupato
worry;preoccupazione
worth;di valore
would;voluto
wound;ferita
wrap;avvolgere
write;Scrivi
writer;scrittore
writing;scrittura
wrong;sbagliato
yard;cortile
yeah;si
year;anno
yell;urlo
yellow;giallo
yes;sì
yesterday;ieri
yet;ancora
yield;dare la precedenza
you;voi
young;giovane
your;il tuo
yours;il tuo
yourself;te stesso
youth;gioventù
zone;zona
